ID,imageOrder,imagePath,altText,imageURL
WAL080,1,WAL080-downstream.JPG,NA,https://the-watershed-project-app.s3-us-west-2.amazonaws.com/WAL080-downstream.JPG
WAL080,2,WAL080-upstream.JPG,NA,https://the-watershed-project-app.s3-us-west-2.amazonaws.com/WAL080-upstream.JPG
CEO170,1,CEO170-upstream.JPG,NA,https://the-watershed-project-app.s3-us-west-2.amazonaws.com/CEO170-upstream.JPG
CEO170,2,CEO170-downstream.JPG,NA,https://the-watershed-project-app.s3-us-west-2.amazonaws.com/CEO170-downstream.JPG
WAL045,2,WAL045-upstream.JPG,NA,https://the-watershed-project-app.s3-us-west-2.amazonaws.com/WAL045-upstream.JPG
WAL045,1,WAL045-site.JPG,NA,https://the-watershed-project-app.s3-us-west-2.amazonaws.com/WAL045-site.JPG
WAL045,3,WAL045-downstream.JPG,NA,https://the-watershed-project-app.s3-us-west-2.amazonaws.com/WAL045-downstream.JPG
CEO166,1,CEO166-site.JPG,NA,https://the-watershed-project-app.s3-us-west-2.amazonaws.com/CEO166-site.JPG
CEO166,2,CEO166-downstream.JPG,NA,https://the-watershed-project-app.s3-us-west-2.amazonaws.com/CEO166-downstream.JPG
CEO166,3,CEO166-upstream.JPG,NA,https://the-watershed-project-app.s3-us-west-2.amazonaws.com/CEO166-upstream.JPG
CEO160,3,CEO160-downstream.JPG,NA,https://the-watershed-project-app.s3-us-west-2.amazonaws.com/CEO160-downstream.JPG
CEO160,2,CEO160-upstream.JPG,NA,https://the-watershed-project-app.s3-us-west-2.amazonaws.com/CEO160-upstream.JPG
CEO160,1,CEO160-site.JPG,NA,https://the-watershed-project-app.s3-us-west-2.amazonaws.com/CEO160-site.JPG
ALH110,1,ALH110-site.JPG,NA,https://the-watershed-project-app.s3-us-west-2.amazonaws.com/ALH110-site.JPG
ALH110,2,ALH110-upstream.JPG,NA,https://the-watershed-project-app.s3-us-west-2.amazonaws.com/ALH110-upstream.JPG
ALH110,3,ALH110downstream.JPG,NA,https://the-watershed-project-app.s3-us-west-2.amazonaws.com/ALH110downstream.JPG
ALH,NA,ALH110-site.JPG,NA,https://the-watershed-project-app.s3-us-west-2.amazonaws.com/ALH110-site.JPG
CEO,NA,CEO170-downstream.JPG,NA,https://the-watershed-project-app.s3-us-west-2.amazonaws.com/CEO170-downstream.JPG
WAL,NA,WAL045-photo.JPG,NA,https://the-watershed-project-app.s3-us-west-2.amazonaws.com/WAL045-photo.JPG
SPA260,1,SPA260-downstream.JPG,NA,https://the-watershed-project-app.s3-us-west-2.amazonaws.com/SPA260-downstream.JPG
SPA260,2,SPA260-site.JPG,NA,https://the-watershed-project-app.s3-us-west-2.amazonaws.com/SPA260-site.JPG
SPA260,3,SPA260-upstream.JPG,NA,https://the-watershed-project-app.s3-us-west-2.amazonaws.com/SPA260-upstream.JPG
SPA250,1,SPA250-upstream.JPG,NA,https://the-watershed-project-app.s3-us-west-2.amazonaws.com/SPA250-upstream.JPG
SPA250,2,SPA250-downstream.JPG,NA,https://the-watershed-project-app.s3-us-west-2.amazonaws.com/SPA250-downstream.JPG
SPA230,1,SPA230-upstream.JPG,NA,https://the-watershed-project-app.s3-us-west-2.amazonaws.com/SPA230-upstream.JPG
SPA230,2,SPA230-downstream.JPG,NA,https://the-watershed-project-app.s3-us-west-2.amazonaws.com/SPA230-downstream.JPG
SPA231,1,SPA231-downstream.JPG,NA,https://the-watershed-project-app.s3-us-west-2.amazonaws.com/SPA231-downstream.JPG
SPA231,2,SPA231-upstream.JPG,NA,https://the-watershed-project-app.s3-us-west-2.amazonaws.com/SPA231-upstream.JPG
SPA210,1,SPA210-upstream.JPG,NA,https://the-watershed-project-app.s3-us-west-2.amazonaws.com/SPA210-upstream.JPG
SPA210,2,SPA210-downstream.JPG,NA,https://the-watershed-project-app.s3-us-west-2.amazonaws.com/SPA210-downstream.JPG
SPA180,1,SPA180-downstream.JPG,NA,https://the-watershed-project-app.s3-us-west-2.amazonaws.com/SPA180-downstream.JPG
SPA180,2,SPA180-upstream.JPG,NA,https://the-watershed-project-app.s3-us-west-2.amazonaws.com/SPA180-upstream.JPG
SPA129,1,SPA129-downstream.JPG,NA,https://the-watershed-project-app.s3-us-west-2.amazonaws.com/SPA129-downstream.JPG
SPA129,2,SPA129-upstream.JPG,NA,https://the-watershed-project-app.s3-us-west-2.amazonaws.com/SPA129-upstream.JPG
SPA110,1,SPA110-site.JPG,NA,https://the-watershed-project-app.s3-us-west-2.amazonaws.com/SPA110-site.JPG
SPA110,2,SPA110-upstream.JPG,NA,https://the-watershed-project-app.s3-us-west-2.amazonaws.com/SPA110-upstream.JPG
SPA108,1,SPA108-upstream.JPG,NA,https://the-watershed-project-app.s3-us-west-2.amazonaws.com/SPA108-upstream.JPG
SPA108,2,SPA108-downstream.JPG,NA,https://the-watershed-project-app.s3-us-west-2.amazonaws.com/SPA108-downstream.JPG
SPA103,1,SPA103-downstream.JPG,NA,https://the-watershed-project-app.s3-us-west-2.amazonaws.com/SPA103-downstream.JPG
SPA103,2,SPA103-upstream.JPG,NA,https://the-watershed-project-app.s3-us-west-2.amazonaws.com/SPA103-upstream.JPG
WIL070,1,WIL070-upstream.JPG,NA,https://the-watershed-project-app.s3-us-west-2.amazonaws.com/WIL070-upstream.JPG
WIL070,2,WIL070-downstream.JPG,NA,https://the-watershed-project-app.s3-us-west-2.amazonaws.com/WIL070-downstream.JPG
WIL060,1,WIL060-upstream.JPG,NA,https://the-watershed-project-app.s3-us-west-2.amazonaws.com/WIL060-upstream.JPG
WIL060,2,WIL060-downstream.JPG,NA,https://the-watershed-project-app.s3-us-west-2.amazonaws.com/WIL060-downstream.JPG
WIL050,1,WIL050-upstream.JPG,NA,https://the-watershed-project-app.s3-us-west-2.amazonaws.com/WIL050-upstream.JPG
WIL050,2,WIL050-downstream.JPG,NA,https://the-watershed-project-app.s3-us-west-2.amazonaws.com/WIL050-downstream.JPG
WIL040,1,WIL040-site.JPG,NA,https://the-watershed-project-app.s3-us-west-2.amazonaws.com/WIL040-site.JPG
SUP030,1,SUP030-upstream.JPG,NA,https://the-watershed-project-app.s3-us-west-2.amazonaws.com/SUP030-upstream.JPG
SUP030,2,SUP030-downstream.JPG,NA,https://the-watershed-project-app.s3-us-west-2.amazonaws.com/SUP030-downstream.JPG
SPA,NA,SPA210-photo.JPG,NA,https://the-watershed-project-app.s3-us-west-2.amazonaws.com/SPA210-photo.JPG
WIL,NA,WIL070-photo.JPG,NA,https://the-watershed-project-app.s3-us-west-2.amazonaws.com/WIL070-photo.JPG
SUP,NA,SUP030-photo.JPG,NA,https://the-watershed-project-app.s3-us-west-2.amazonaws.com/SUP030-photo.JPG
